crawl_time,file_path,parent_url,file_url
2023-11-27 15:51:04.623271,data/agenda_parlamentar/xv_legislatura/agendaparlamentar.json,https://www.parlamento.pt/Cidadania/Paginas/DABoletimInformativo.aspx?t=574659675447566e61584e7359585231636d453d&Path=6148523063484d364c793968636d356c64433976634756755a4746305953394559575276633046695a584a3062334d765157646c626d52684a54497755474679624746745a57353059584976574659675447566e61584e7359585231636d453d,https://app.parlamento.pt/webutils/docs/doc.txt?path=jVEk4X6wJy4Ipbo0MUlM2lWXo6WBduSCZpZ%2b1ttPIP5B9iITH7JbpWr4z2l1Satv5xQqlL8fGNTZPd7MgxukeHiTICakpJC9qv59tQzOR%2biWOpMe6efPkwaz5CU8sIGo8U43d4kz%2fTo9gf4RYtbtXZNFscpYyl3ppGos4Rnpjao952nDBT7q9Rxa%2bCphuVVyHkyicctZQQIlJfWja5%2bHbVXvC2f2geEbKcekLt0be6iZEfm41aW8HcTmLgzl7xThkOdazBtE0XsBISfuTNWGINfiaNdiWSy8jgdH%2fwGJS3yTFsVj%2b%2bJX9sKaIprypRb5cH86Ah%2fwah55myZDJrzCdonzd7FN%2bwi25PwyMXVnI504kZEhMNocLR5I3h%2f3mJKabwOLIaL5rqtFGROkNfjq1Q%3d%3d&fich=AgendaParlamentar_json.txt&Inline=true
2023-11-27 15:51:05.121075,data/composicao_de_orgaos/orgaocomposicaocons.json,https://www.parlamento.pt/Cidadania/Paginas/DAComposicaoOrgaos.aspx?t=513239756333527064485670626e526c&Path=6148523063484d364c793968636d356c64433976634756755a4746305953394559575276633046695a584a3062334d76513239746347397a615356444d7956424e7956444d7956424d32386c4d6a426b5a5355794d4356444d7955354d334a6e4a554d7a4a55457a62334d76513239756333527064485670626e526c,https://app.parlamento.pt/webutils/docs/doc.txt?path=Zg3xpi6o1fuu%2bYno%2fQPewYuMIh%2fV0RsYKizayNRB%2bENdLCwNqOatJ7yke9TMub75fat0WeBdCDk6HCyFA2WohoD0xd6oNuCIedIkwzl0t9mxvNrT1aUz4fghNMzDvdClRZss%2b%2fHhSiS0%2fljTjFMCBVQqyVc66SHAeOh9X2VUiD7Ab5SDmljmMqluZeE3LODDpVARvn47bHIK%2b5k4wVk0CFfrBdrAmxUdh62zOrbiCbGrIsqdHvQ588TdxtYsgC%2f0e70KJM%2fRrlEpxnLFU%2f9EuTOuBUXBfY8pK8G6k4cV0QcxaQMV5tqDXnoLQxEfys9SYyXSb%2ffP1VQ8mrKbZDo1rEkmmMUilYcY5AN0V7AwoFdUHWL00rsSMbOcTQVlQW42aNMR9QBi3VFlCEywNoyg%2bCA3r3zvYrIyLOqVOeQVL3A%3d&fich=OrgaoComposicaoCons_json.txt&Inline=true
2023-11-27 15:51:05.513848,data/atividade_dos_deputados/constituinte/atividadedeputadocons.json,https://www.parlamento.pt/Cidadania/Paginas/DAatividadeDeputado.aspx?t=513239756333527064485670626e526c&Path=6148523063446f764c324679626d56304c3239775a57356b595852684c3052685a47397a51574a6c636e52766379394264476c32615752685a47556c4d6a426b62334d6c4d6a42455a5842316447466b62334d76513239756333527064485670626e526c,https://app.parlamento.pt/webutils/docs/doc.txt?path=QyZzh%2f%2fOdOaAqsVqartNPUm09h04C0h3z81NpnDWsR0Ycb6UzBogkDU4D%2fe8tWI0tjzRcb2jr0OFt43ebGYv6CivkOnRc5WDRDZ5Wt4BzoTcRtjM2EoToJOiG3dvO8ttKuBx2q%2f9eYS%2fevIV69J3wkZZ7T2OlxBpP7gezqVOJaYWQP7K2K9Hj4yjv8JBBdojAJx2cij1Hwo5aGnuIQBjNmgKoIe4VLu%2fPY6FvdJTB5oZavNZo1p3%2fe2Q3KpfDYmikYE4vv0JHywH8NCNqzT2Tl6AxiGDIS8jzmXGV%2bwJAhlvmt3Sv%2bKLR8k4n71kKEi9%2fbbeymIT1iVnE7J5bI9EzDEqQB29dmylG9kufm3C%2b4ilINtg6yjopNUFvrTZwDLXu9rHEGuNeK2jW7KyCNO5jQ%3d%3d&fich=AtividadeDeputadoCons_json.txt&Inline=true
2023-11-27 15:51:06.024009,data/atividades/ii_legislatura/atividadesii.json,https://www.parlamento.pt/Cidadania/Paginas/DAatividades.aspx?t=53556b675447566e61584e7359585231636d453d&Path=6148523063446f764c324679626d56304c3239775a57356b595852684c3052685a47397a51574a6c636e52766379394264476c32615752685a47567a4c306c4a4945786c5a326c7a6247463064584a68,https://app.parlamento.pt/webutils/docs/doc.txt?path=je9p67vLqd%2be0Qs5QXg5VMfIonhzO6seUs%2fvc2reEOeYe8tgNVvi%2fLhWfTh9nhdtxY03118eBh%2bebcfFH8z2FC%2b3bS52t4hwS2Ji9%2br5hk1w5dc8XB%2bZhkfwP6VrfZA%2fjFeDdk82SO9oIAOGnwAxPjJ6BROOMggpfMEIgQk11KjdS3zBX0CzKWKXT0TAnzUtb84NFE2c04rI7Vui13Qq%2b0EKndCvTuv6LMpZTXT9GJTg7%2bBQMXdDeRxI8rMcVNJMPkIdGmDUIBDmMo5hU8e9FqrWeCsLTXf8B3wbKjrURFyQcLZMQiyCWi9VeizfKtxcC15nd2c1DhNpuxWobByCTUXE68Wrwnxty3l1UjH%2bqBQ%3d&fich=AtividadesII_json.txt&Inline=true
2023-11-27 15:51:06.623840,data/atividades/iii_legislatura/atividadesiii.json,https://www.parlamento.pt/Cidadania/Paginas/DAatividades.aspx?t=53556c4a4945786c5a326c7a6247463064584a68&Path=6148523063446f764c324679626d56304c3239775a57356b595852684c3052685a47397a51574a6c636e52766379394264476c32615752685a47567a4c306c4a5353424d5a576470633278686448567959513d3d,https://app.parlamento.pt/webutils/docs/doc.txt?path=qu2reNYn6PxPQ5SE0c%2bBw58diQn%2ffEhvPF0zI35RkEAlSKP1t%2bVeoD3jmmmxsMi%2b2BBPDi6kVTQfyS7Rap4hEnn1agaHZKDzhRR5yah%2fqSR9pY5o%2blhHccLkzyKnuJN%2b6AYmOXFqQBAnAldxec0%2bsi4UOjlRZJxmwt9D6Dv28wV1OHQyHU%2btggJ5tfMPRAphVJQyHkQYwskzRK%2fzZ3e8A3FOpGEHr4C1oZaB8xC24w0D7GKssfBszArcgUV0DIlVifvVpdpVAPZk9xn8secG3CqBaLAB1QJuj%2bu0yaP8t3AmpWPSqh2KUckvD1U8oSJKjtTAv0eByh%2fakOBMwsxdRGmBn4C%2bWYV6bJLhs%2f1sMyk%3d&fich=AtividadesIII_json.txt&Inline=true
2023-11-27 15:51:07.296535,data/delegacoes_eventuais/delegacaoeventualix.json,https://www.parlamento.pt/Cidadania/Paginas/DADelegacoesEventuais.aspx?t=535667675447566e61584e7359585231636d453d&Path=6148523063446f764c324679626d56304c3239775a57356b595852684c3052685a47397a51574a6c636e5276637939455a57786c5a32456c517a4d6c5154636c517a4d6c516a566c637955794d4556325a573530645746706379394a5743424d5a576470633278686448567959513d3d,https://app.parlamento.pt/webutils/docs/doc.txt?path=7fAybrKjkxAxTqkjEOg%2bup0EXyt8klnTWpKTWMP0lFTJsSalKwPiUt7wK2fpU6F9MCzOP4gtyOtNf6StfoKi5k3wsNT2vDZxQaQfLpUK%2bcymHklszu1RR4k2cY9aH7URgDemPffu85sSHCoGP4CrgsVepBV4t%2f1lLD%2bWQ1BZzxA%2fh00ttyuxAmevB0J2oU6pcHavA4CXe4eG8MEdfQ0%2b%2bpDoiMSHB9N5yx5Z1pH8RlZTUschbLXXqTT%2bjWF1k%2b3DBJMRZEwo3joEMrQuIBxOB6n3KRDPYWvy8lfSpw7S0bJLEoKirlSUxAUCOVq9vidSBxqTDK6396V8xtcRhCsPccSN5iMQtIbwKqlGIlmdgKnCtK5xb7ze5aL77hSo9djiBiHJhaVmyTbBmExST8n8Qw%3d%3d&fich=DelegacaoEventualIX_json.txt&Inline=true
2023-11-27 15:51:07.771709,data/cooperacao_parlamentar/cooperacaovi.json,https://www.parlamento.pt/Cidadania/Paginas/DACooperacaoParlamentar.aspx?t=566b6b675447566e61584e7359585231636d453d&Path=6148523063446f764c324679626d56304c3239775a57356b595852684c3052685a47397a51574a6c636e527663793944623239775a584a684a554d7a4a5545334a554d7a4a55457a627955794d464268636d786862575675644746794c315a4a4945786c5a326c7a6247463064584a68,https://app.parlamento.pt/webutils/docs/doc.txt?path=sHPP8iX%2fOE45AC7oX0kyjxENj5FdSKpTWGPXsml2hR2i1l0DUlIZ33wXmUq4vre9nTzvjSKsQpj2OHJpy8tTvNn6YrMLwBIFztFIPCno9yVQyOob9Do5Ouy225Ff5RQp9uquwnfgMcJOsEOhTrPJYhB2EBRut98dJxh4qPo1RyqDbwI%2bjfN1Cyh5xmyEs%2bgHo0nT40y7%2fQ0GmFQdsQ%2f3RRTNpHHQdbpTNhe0a1OF6T6mBXunRAD23rTR7cbBuw2LiAh3uJnkgWop2WlizLYO%2f0TcK64aL69Xc7zIH5LSbNze1xJDkomGjy7JPSLChTH6NIiRLVbKbcWo5p6WydFZX8mNpzuHIiwh1rmwbPK5nWEYzxYGfNFvW%2frhNHq36p4zbebOFbEfmbdiK2yQHMo7Ow%3d%3d&fich=CooperacaoVI_json.txt&Inline=true
2023-11-27 15:51:08.554668,data/diplomas_aprovados/diplomasii.json,https://www.parlamento.pt/Cidadania/Paginas/DADiplomasAprovados.aspx?t=53556b675447566e61584e7359585231636d453d&Path=6148523063446f764c324679626d56304c3239775a57356b595852684c3052685a47397a51574a6c636e5276637939456158427362323168637955794d454677636d3932595752766379394a5353424d5a576470633278686448567959513d3d,https://app.parlamento.pt/webutils/docs/doc.txt?path=1RpdMXYuauZtR0f8KceJL9Hor1%2bMC3lWhk7bNH5Gpz6eBDRjGGb3jbPUYKS7%2foX163xZKhKoWFfHKqzWJFCo%2fVH%2bp1MNa90lVmjjtNtJ6B2HkEQ%2f0UlYp8qHoFqwB4Tnnu4QvaRYqy%2fj73W%2bl0ANYho7GdvmRcUi%2bft7VmYsJtsjOt7dvtdKXXzDQoklOWTdS0yr0qZPeACvGCnFYyjS65lexrh6zqlCLQ5LAb3OJL8o58oQ9LjA6dEdZ1tX8Rrwk3npGMuDXHObgfK9IF9SS8hAwtV6w1qaeNPl3wad8nbMNWZxbUHJUe4APSc5SakP0FShazWylec%2fzpqj%2bC5vlraWqtGrlm57EGOclP0jmEw%3d&fich=DiplomasII_json.txt&Inline=true
2023-11-27 15:51:09.754891,data/iniciativas/iniciativasii.json,https://www.parlamento.pt/Cidadania/Paginas/DAIniciativas.aspx?t=53556b675447566e61584e7359585231636d453d&Path=6148523063446f764c324679626d56304c3239775a57356b595852684c3052685a47397a51574a6c636e52766379394a626d6c6a6157463061585a686379394a5353424d5a576470633278686448567959513d3d,https://app.parlamento.pt/webutils/docs/doc.txt?path=zCk4Ob1THaX1P6AtTviyx6zu8m1D%2bJcbm3LaLFyWSe0KFU%2fkLiLDRMetMGeGcT13Z5XGVzBj8t0k97%2b28Znd%2bs7qXOyV7PpSUotgRRAuLgcE0xLY3l41E28pyMDSUX90OqFvjLl9tQqTH88%2bJPzZQlJcRSGnYMEhxIBdVJjjtC3csjJv4YpQJ7iFgknbqaRdHsIb4zSzRNOV%2fbrF50LxUMrhCY%2b1JYEo4q4NL5kU%2b4NaTc1Y%2fAdmnRUMEiYXntmhsxZazTfx3AqQYiaDueMkoGKAzoCtmcbqjDncF9UWxpKEPOWFjQZ%2fLq1KjuhA5AitM238wbkaM%2fZl3tpxcC98Lx5B4EhW43t%2bqI%2b8W%2fcuwNwLq5qLuVBRQYcoNIADTbJA&fich=IniciativasII_json.txt&Inline=true
2023-11-27 15:51:10.216169,data/informacao_base/informacaobasecons.json,https://www.parlamento.pt/Cidadania/Paginas/DAInformacaoBase.aspx?t=513239756333527064485670626e526c&Path=6148523063446f764c324679626d56304c3239775a57356b595852684c3052685a47397a51574a6c636e52766379394a626d5a76636d31684a554d7a4a5545334a554d7a4a55457a627955794d454a6863325576513239756333527064485670626e526c,https://app.parlamento.pt/webutils/docs/doc.txt?path=PzqFdD7x5%2bAzfuNM94Ik%2fDwcmE011lp33QrdiaJRhyen0uapqJ%2fewGryXrTk5Fub5VXY6xdZGi%2biW2MEpadz3hidHa9oCxru5Jstb17Pl0hlEs4889qcvvnxwTyKFfaCmKqQ5N4JetPCOWi08i0IOl2LIcgPny3LEtWu1mXlfsD3ZIeEKXssp8dzPYh1v315RJExPKdo3NOxiLAGNYlaA2VTkWOFpKkjzaO38sz%2bVEat%2bFB0pI6FyneSMxbWkhydT8qCv7aE9fPhRvNOWLH56Dwz7V4XxZvRmkYx0e2%2ffnP%2bn1OTJVXm%2f9aO6gBgqrScdpH%2f2EzI6s1U05oY1cAgoEHr0p0d6OiPISqVc%2fIZTj0%3d&fich=InformacaoBaseCons_json.txt&Inline=true
2023-11-27 15:51:10.709561,data/grupos_parlamentares_de_amizade/grupodeamizadev.json,https://www.parlamento.pt/Cidadania/Paginas/DAGPA.aspx?t=5669424d5a576470633278686448567959513d3d&Path=6148523063446f764c324679626d56304c3239775a57356b595852684c3052685a47397a51574a6c636e527663793948636e567762334d6c4d6a425159584a735957316c626e5268636d567a4a5449775a47556c4d6a424262576c365957526c4c3159675447566e61584e7359585231636d453d,https://app.parlamento.pt/webutils/docs/doc.txt?path=NbI6RWS3Ge1P0NkuCAyPm2K8hg3hJuE0Vf7zqdlBeUdK9IY7U%2bHLkbi70%2fc6z%2bNJE0T0XV%2fBN%2bnM%2bC4FfIbHXhtm0cQB42k18RUQVNpLq%2fg%2bUAR6itn%2bDIqWbcO5DzV5%2bLrNy0ZkXHhO3eBJPqwnEy2EROlY6T30zI9dN%2fLbD4J9UVgEOLboeBtJLYeLaQ6dYDwaUJrritflPkjGwQxt5x0B1saIva%2froflCo0q8uydI6Vw4qZlHwpimQKuylk4Wy6oph492YASOrDVtprWW7P7sv3Kk6oaZ7S80XTS3UXn2hbYEd1%2b7j7zhsCT1IcrSQHmnaWNek8YkWhubM%2fo2tUjGjNWRHbXj8VBMTc7w%2ftFCYJkCvMEryXlYnzRxRB573PnOhJcvy14yZQtLhuhkibpvNy%2fqVqxOnooNv0dEwTE%3d&fich=GrupoDeAmizadeV_json.txt&Inline=true
2023-11-27 15:51:11.107552,data/perguntas_e_requerimentos/requerimentosvi.json,https://www.parlamento.pt/Cidadania/Paginas/DAPerguntasRequerimentos.aspx?t=566b6b675447566e61584e7359585231636d453d&Path=6148523063446f764c324679626d56304c3239775a57356b595852684c3052685a47397a51574a6c636e5276637939515a584a6e6457353059584d6c4d6a426c4a544977556d5678645756796157316c626e5276637939575353424d5a576470633278686448567959513d3d,https://app.parlamento.pt/webutils/docs/doc.txt?path=4WveUWCwZi92i7lHCM3ajr1bV9wUR%2bybyRxT7QoUothIr%2fxXBLkNtUcy4H9%2fP2ZbcJsSyOuPiRNxvUcJyFL7ZPohL91A0gTBBiLnguchlzpTrb87Fg%2bW9wJZx9BV8FWFMQhe%2fnPV2cBYoL9bFJdQZP1EpyIScT%2f%2fXx%2f5HPFou4Ry0cmYIuqO3RXeNag%2fYp08L2fhpnQofPReJX%2b2Gsn3%2f6uOTA%2bWDOQ%2bOlDEEwO9ykqSiUSVun8CkjNGVUPfEAdqged0E9sVeDCIrkWzujyngr4ihXku%2bHtg79H9pzs7uoprOLRMlSDyGjblwqVfkt2Hqmk1S7%2bwN9dY4D2eBPLjgLHN0cKHyajCVj84U5slHty9fRms5gJxX2J2aw7CJnx4jSf2HngYyHDdzB%2f44iwmaKiOLqJSAoYWRT1y6w9%2f9Yk%3d&fich=RequerimentosVI_json.txt&Inline=true
2023-11-27 15:51:11.667647,data/peticoes/peticoesvi.json,https://www.parlamento.pt/Cidadania/Paginas/DAPeticoes.aspx?t=566b6b675447566e61584e7359585231636d453d&Path=6148523063446f764c324679626d56304c3239775a57356b595852684c3052685a47397a51574a6c636e5276637939515a5852704a554d7a4a5545334a554d7a4a5549315a584d76566b6b675447566e61584e7359585231636d453d,https://app.parlamento.pt/webutils/docs/doc.txt?path=w5Uhp8a4zZMX1mFEk0cnd36B8YDq1NBU5IiA04b3FQWKWaDDXMVA6LvIvWYnvEeQ9Ic8%2bAIKe8BrPgtq5JFIioulub%2bkKoSXsGEXvCJh8Fi8WEXOG4fXYqDnti%2bgUJk9cs2EPiDQU2uKbYNfIM3Gf8x7Xl6bq9MRG4krdf6ijd1YFPv2VcXhvamU9YGDczW0uhqBRGY1usOboyHW6tFGrBBAHzmk8lmwz2p8si9zDnlNTq6BaAMqnGSrVP6fE%2fG6qzyJ3Ylq5DO02TwZ5pXm9Wqo9rd3ufn6G0m8Tgjy%2fNkA4EL1lsGR2JhdMEVu2mC0KLLt0qL8hHFQTm88r2BhlpdF1jX6BjBNMVV0Re5moHY%3d&fich=PeticoesVI_json.txt&Inline=true
2023-11-27 15:51:12.707538,data/intervencoes/intervencoesii.json,https://www.parlamento.pt/Cidadania/Paginas/DAIntervencoes.aspx?t=53556b675447566e61584e7359585231636d453d&Path=6148523063446f764c324679626d56304c3239775a57356b595852684c3052685a47397a51574a6c636e52766379394a626e526c636e5a6c626956444d7956424e7956444d7956434e57567a4c306c4a4945786c5a326c7a6247463064584a68,https://app.parlamento.pt/webutils/docs/doc.txt?path=WcWLLbRBeaPh22y1Fldbus8kLMCFPSI9XJWQHSlCxeV1LuyC%2fkpVFZq30A0fe65hzATQl9E5mXwQ4lj4yUEp75yCVbn6hU8a6uKEIpLf37L2KQ3inH2ChW1FzKRVfkLhkK%2ffw0L3v24M2OIn%2bsqpGrfx9HwRxVq4oI%2bN3fhrATskthVewYdGycgT4%2fGW8qps%2b1mWFoPRd4Ci23fETqoihutj9boQ76p7XpyR%2fBjpQ06i6FHQOzM7ItGsEM8zVeTr3knYnFHt582hCzhLNxc%2bySNY5yaCqpUJCiCGpgjxkM9asF8wbWChJ6x7KkWlCQ2m%2bDl%2bTrLY8bjhsOqsg16oLlLkspsm7XoOkhmfuWh9oFY%3d&fich=IntervencoesII_json.txt&Inline=true
2023-11-27 15:51:13.176002,data/reunioes__visitas/reuniaonacionalix.json,https://www.parlamento.pt/Cidadania/Paginas/DAReunioesVisitas.aspx?t=535667675447566e61584e7359585231636d453d&Path=6148523063446f764c324679626d56304c3239775a57356b595852684c3052685a47397a51574a6c636e5276637939535a585675615356444d7956434e57567a4a5449775a5355794d465a7063326c3059584d76535667675447566e61584e7359585231636d453d,https://app.parlamento.pt/webutils/docs/doc.txt?path=gjWMXpPHPqlh1eGiq24dX7%2fsk7AI4Tu7N7d7RCvqjsKxDWk4jwLEDrBOQvHfHB3SbNcio7q3THRGcFeg9vJ7QtX5Zp32VLIJwta%2b%2bhV8nHhEsKWmchm0XggEzfNizz5kOuVEG%2fubM0yjnzfvTwKoT%2fnsOaP8GVEVHJ1cdR9xyscMmNuf2Q2in39%2fOBTZhbhjRqDIqenWRGV2cav0O5n2zXag64asCBkS%2fKrV0cBXtN8jmIEcFtzB5UmR89AO6lvzEKdSzPbmmf0Yo9ASpQ1PUdzvTtTLca7l5xVftG0A8g5u9A0wU6HUPnSdFWoRkVr1QXbCrbaqOwjFnJe68KaWBCfzrkAqerIgFzHjZOoMPxyZ4EA131n2wGrDEcgwMT%2fHNKer2kUjeYiu2%2fvVF4lpMg%3d%3d&fich=ReuniaoNacionalIX_json.txt&Inline=true
2023-11-27 15:51:13.693985,data/reunioes__visitas/reuniaonacionalx.json,https://www.parlamento.pt/Cidadania/Paginas/DAReunioesVisitas.aspx?t=5743424d5a576470633278686448567959513d3d&Path=6148523063446f764c324679626d56304c3239775a57356b595852684c3052685a47397a51574a6c636e5276637939535a585675615356444d7956434e57567a4a5449775a5355794d465a7063326c3059584d765743424d5a576470633278686448567959513d3d,https://app.parlamento.pt/webutils/docs/doc.txt?path=yFzy4ebJXxzHNmVWNXWlWNyXJbVPdjd2W7lQZ%2fOga3MP1XoxP0tW4xq71ZekvN9IAZu1RtM6ih7Hjq1Jhxt13H0nzVK96nqrJzqui%2ba6cW8%2faONslWDI%2bW4AjftBJ9KFLWDuFmSH7rlIe4%2bO6MPZvgLsJ6RGsrD1PmzdnnII1GkasHhNy5CexdDhOIFBEgiitId4l6lRYXLavVr0Z19w3QB9qWuCGKXKdkDWapluSVVhgOAcVpVBn64eQpX27pj8HWR%2byUnZuoTLAmf%2bxlM8QqPT4GYclne4tQUDGNQTWs0uPqCfYKFPAh3eho23HtszRGMpLx1EYfegcLQrBKb7Ieq1kEEInHH983gjodsWLkEVWRbiwoG2soN%2biRkaf%2bWE4Sd8umvo2rfnlsx1RuTzvg%3d%3d&fich=ReuniaoNacionalX_json.txt&Inline=true
2023-11-27 15:51:14.422553,data/reunioes__visitas/reuniaonacionalxi.json,https://www.parlamento.pt/Cidadania/Paginas/DAReunioesVisitas.aspx?t=57456b675447566e61584e7359585231636d453d&Path=6148523063446f764c324679626d56304c3239775a57356b595852684c3052685a47397a51574a6c636e5276637939535a585675615356444d7956434e57567a4a5449775a5355794d465a7063326c3059584d7657456b675447566e61584e7359585231636d453d,https://app.parlamento.pt/webutils/docs/doc.txt?path=Xm0BI3plhqmXsPKsdL2D6r36bmhG9wzudDm35BymlyTE01Vcb35nUq6e6admd4ImHAgzpgNRWt%2bQWxBSGeyJ8j%2fs1eZuKyCIDy00k7JpqshcPU%2fRZEbJ5qwJh6%2frMh8xDSaWoH5Yt%2b7bxlWbC4oxkC6Q8WbXhUuAX65P%2bhRMIRPikA21EEM%2f8VPBKoxXjM8ldcLUkHmt7nee9wiFeA2bd7KW4gDRe%2fFrb9IXLBUn6d8zsQBM3I9dPHNkHgSNU%2fFE5SFyaaIAOVSlmdZ6dzfq9ldmc1HeokLeuGHxhu0Ypi98kkEMaqscp%2fQknlP2lsIMxWt%2fABFOL3JBZcOWigqOZlblKoR2ZIpf0ZzMByR8JI%2brXBJR63e94MRm%2fw3NcIHE&fich=ReuniaoNacionalXI_json.txt&Inline=true
2023-11-27 15:51:15.349613,data/reunioes__visitas/reuniaonacionalxii.json,https://www.parlamento.pt/Cidadania/Paginas/DAReunioesVisitas.aspx?t=57456c4a4945786c5a326c7a6247463064584a68&Path=6148523063446f764c324679626d56304c3239775a57356b595852684c3052685a47397a51574a6c636e5276637939535a585675615356444d7956434e57567a4a5449775a5355794d465a7063326c3059584d7657456c4a4945786c5a326c7a6247463064584a68,https://app.parlamento.pt/webutils/docs/doc.txt?path=pzofs5rigbPGpjSZXMA1xsGVQ95H2RQszJDg7VnLclLH1v0aSdymy54KJD%2bKVQ8D4GEx%2f5or1YF3D%2f2RxbN8zI6ZVZaHzEmER6FBL%2bCwPv6HY0S5RdZbeEoPvVs4Q6uO9dPQE35LYpTAa59AkmqIfC6QbonoJ%2fYv0FrL6iVMW261Ogh1lIEHWKOkGwqdvy1K1x9AuEYI5M0Bluoztw65cMvCz1uFO0HRa2KZNHI%2fCK2h%2bwdw5jCIsY63vUqry%2bH5p%2fmaQiHPo8fQJO2JA%2bxhnCLxape9nJ56y4FWoArUlViTG2Ir6GQ%2fm09PHncnyDgnNqK%2fyaYa1RX92u5RPL%2fYNCtT2qRuCWOHdUM%2bRtCcxZgqhdzjo8dURvZ%2bcwH%2fjzJ1j7F06%2b9su1BrEMJ5SRPs2Q%3d%3d&fich=ReuniaoNacionalXII_json.txt&Inline=true
2023-11-27 15:51:15.785872,data/reunioes__visitas/reuniaonacionalxiii.json,https://www.parlamento.pt/Cidadania/Paginas/DAReunioesVisitas.aspx?t=57456c4a5353424d5a576470633278686448567959513d3d&Path=6148523063446f764c324679626d56304c3239775a57356b595852684c3052685a47397a51574a6c636e5276637939535a585675615356444d7956434e57567a4a5449775a5355794d465a7063326c3059584d7657456c4a5353424d5a576470633278686448567959513d3d,https://app.parlamento.pt/webutils/docs/doc.txt?path=f%2f0iBdSLj6sfI39G%2f53deX%2fE21J6gX89JDS1qnEBXFpaF71GdxDOhIP2lSeltbJclo2AYZZ8OFp04WDpJTOhYLqZAgzlkhgXYXbPI7P7bbXIXrgHkMotGaviS0pYU0nrwGwvPZlQTw%2fzCywL%2b6AzlNq4%2bMNk9z7GnOgHfGgOaRLzpMZ3xfHhycp1xRnBv%2bbUWVEQc%2f76EVJZ%2f6l2GMpP9gZyzo9Qs9%2bOhV%2bRcx1%2fTqtEy0d6IIqjUYevGJvBvBfrX%2fAv3uY6MtOKXWsJASSfYUZ0mRMk%2fx3ce3LGXHWCroEtKMgiSgI6AsI6wCPVVv%2bQTKhyZTzdqm%2bTM4Jk24EYkMLUHJMMml9kcgfqytshP%2biLNxi%2b751sRQjvKL5sXQvI9OGQOT21GcEb%2feGFkJEBZGJD8bam9a48PjOdhGQ4%2f2k%3d&fich=ReuniaoNacionalXIII_json.txt&Inline=true
2023-11-27 15:51:16.238152,data/reunioes__visitas/reuniaonacionalxiv.json,https://www.parlamento.pt/Cidadania/Paginas/DAReunioesVisitas.aspx?t=57456c574945786c5a326c7a6247463064584a68&Path=6148523063446f764c324679626d56304c3239775a57356b595852684c3052685a47397a51574a6c636e5276637939535a585675615356444d7956434e57567a4a5449775a5355794d465a7063326c3059584d7657456c574945786c5a326c7a6247463064584a68,https://app.parlamento.pt/webutils/docs/doc.txt?path=lkPH%2fa6uUl2SYb%2bDU%2fH6NKoQNF6E9guHkVETwczzOVEuYuqw6Qtsw6%2fxaBOtGF2COuIZWvp1MvKGQHfwzdzvEX7WYr5nDFX8NAhcPyBa6uVk%2bEqjFoWqSNW6rY9iMSfACbZ0ErHJIotpP4C8lF8NfW1irhzcXHzpQhjso4uHR2OgXd7bEP3YGMIoLqAzrcpIrmnGGs51RNEu8QYIC%2bH%2bd5ELvbbJPBOT14mj62oqVtArDXM%2fdSXvz%2bIEK8tnxRCVdzfbNqKQ9AC0hJKqGT133tj3CEQ7nLpxKVUc%2bzzFrK2d7jXgEx5ioHwmdCwpdSBBrqyWYR1YCkqywyx9DIoiww6YvFBBjvWt4W8XVZnpwA4trTp9D8woy0D6aTfiDiyAEtqhpmlevkIOjmP6KZ09Ug%3d%3d&fich=ReuniaoNacionalXIV_json.txt&Inline=true
2023-11-27 15:51:16.858762,data/reunioes__visitas/reuniaonacionalxv.json,https://www.parlamento.pt/Cidadania/Paginas/DAReunioesVisitas.aspx?t=574659675447566e61584e7359585231636d453d&Path=6148523063446f764c324679626d56304c3239775a57356b595852684c3052685a47397a51574a6c636e5276637939535a585675615356444d7956434e57567a4a5449775a5355794d465a7063326c3059584d76574659675447566e61584e7359585231636d453d,https://app.parlamento.pt/webutils/docs/doc.txt?path=DCz7iPGG7HCiL544Fw7dkrU0l89NqMyH7%2fsBva2P7Q71Q1KmnWDPFi1DS%2fZFQLU1BmNw4QhxX4Lbd2PVy0IfmhSNZ4jWPX3vmdlgT%2fbYctM3EwEklc779AObID9EWulG7P2vhQAT9Q0D2jpGIPVcgEhQb0A%2bY4yRvfjGdNI%2fI9ycR7WyLSHNRTtBvZfnnoSF8hpCMcDrRLtSQNIwzrnCrRwPqV8MfJTvsA6ae5dKXlxDota0famAHx3N5Vwhtr60PNcnrYMAe14lPIdWcUE6cyCWCLfG5cQVY6xxEJe5Y%2fg1%2bAXDnPM9u3WBCXHMw6H%2fgJsIItX%2b6Y4O2E11wWcKz4RiKOKV0cfTDatJla35dNhYQvlBbYgBagnxx0LxBMEZhIyFZKB59QajfUU%2bj4gLsg%3d%3d&fich=ReuniaoNacionalXV_json.txt&Inline=true
2023-11-27 15:51:17.695364,data/intervencoes/intervencoesiv.json,https://www.parlamento.pt/Cidadania/Paginas/DAIntervencoes.aspx?t=535659675447566e61584e7359585231636d453d&Path=6148523063446f764c324679626d56304c3239775a57356b595852684c3052685a47397a51574a6c636e52766379394a626e526c636e5a6c626956444d7956424e7956444d7956434e57567a4c306c574945786c5a326c7a6247463064584a68,https://app.parlamento.pt/webutils/docs/doc.txt?path=IcPF1alccDiwfm5pdn2BzmWdN6NmFNqrAhAoumH%2ftfH%2bmWiBaJOS%2f%2fc4IEpDLGnxpqq%2bsAygIgvhp9BB%2ft8c1VwwOUzfkbo8gbZyW2FuKxLf3Ks9YawgT7x%2bNf3hCY4U5YkKar2TAYTZVmKN%2b9l%2bPg3PG6RaAXYL%2bnZkOmxc45ZC8HIjmxPuXNSm0EDY3nAgehbbS0Os3%2f%2b8de%2bRPJkMA9TUu4kcbBMhokhlgNr9ByX%2fuPT2npr9IR1Q902VhelDZCP7IJlrti84YRecLjpxCuI7m8z2cTfy0Ro4Vv9VPDO%2flRA83j02j8qa4LjzNKP7ufX%2fVpAPyy6VmcJsIdIIOuaoRbAB4Wmowfy70Zz91XkPPsxPBsRU6A5BE0%2bNGoSZ&fich=IntervencoesIV_json.txt&Inline=true
2023-11-27 15:51:18.144507,data/intervencoes/intervencoesv.json,https://www.parlamento.pt/Cidadania/Paginas/DAIntervencoes.aspx?t=5669424d5a576470633278686448567959513d3d&Path=6148523063446f764c324679626d56304c3239775a57356b595852684c3052685a47397a51574a6c636e52766379394a626e526c636e5a6c626956444d7956424e7956444d7956434e57567a4c3159675447566e61584e7359585231636d453d,https://app.parlamento.pt/webutils/docs/doc.txt?path=IDKpzMdA%2fFM%2fgwK6Utju6B1%2bFKbQBr6yW6F2gSa%2fQ1wrsntfrPE92s0Hd5TFWHcA7rom1%2bSHREhmKnHBZx6U810aY9UEO7%2b5w%2fJ6PkI5fQP9zIWUb4nqHyRVJTcmDvXu12G%2bByeX2Zfad0wEiZGmKMKJXDscidGk%2bbHPBa1A1u7vGgfL%2fbbv16aH7f1MlrHTTm1hL4ep%2btYGQJ0d1Rv7lw8rLPSlpv53Pga5BGWKcY%2fBgq3ELgzqHIKMbR0Tz%2fwGQwwsO%2fvM8UPeu08vTtfz%2flwCF30P7vw6YxxWcLv5fjZmxO%2fZZWlkywpfyqO9aq8msnRLTs%2btMUsqPfYaVg9oHDg6kClQSvJcv1zRDhX%2fo6c%3d&fich=IntervencoesV_json.txt&Inline=true
2023-11-27 15:51:21.981307,data/intervencoes/intervencoesvi.json,https://www.parlamento.pt/Cidadania/Paginas/DAIntervencoes.aspx?t=566b6b675447566e61584e7359585231636d453d&Path=6148523063446f764c324679626d56304c3239775a57356b595852684c3052685a47397a51574a6c636e52766379394a626e526c636e5a6c626956444d7956424e7956444d7956434e57567a4c315a4a4945786c5a326c7a6247463064584a68,https://app.parlamento.pt/webutils/docs/doc.txt?path=Eg88ltAxBZCxNgnxhhARTnWoZcbvpnWcxrwxRT8LdJoyrrrhdbv8cgTmooFP%2f2yUXNU2kUEjtRvZ2yYa2axEQCBk18gKqtidk1l%2fXD2Ag8R5vu3XvQXjygoc3C%2fRNFoGIIH6h5wUBreRZgOzEhfl%2b4DQhX7v9JmQJ%2f9q528zGdyNUZO4uDwBJSyux%2bI%2fJon4OZ8Ljk8J78KZ99RJXNitIf835jeV1MOkjF39bEIGoaVqf3XN3kENN10sotL%2foDKpz5sbNJX5uVT4WwhVxe1HECPAkBz091fAPf6S%2bWd%2fAE9Hl%2ff7pHNKhETI7rGps8CUPQyubmvJ5mIXM89DiCwdTYIO8FJEnwYVjb9Q4qxGgUY%3d&fich=IntervencoesVI_json.txt&Inline=true
2023-11-27 15:51:22.803012,data/intervencoes/intervencoesvii.json,https://www.parlamento.pt/Cidadania/Paginas/DAIntervencoes.aspx?t=566b6c4a4945786c5a326c7a6247463064584a68&Path=6148523063446f764c324679626d56304c3239775a57356b595852684c3052685a47397a51574a6c636e52766379394a626e526c636e5a6c626956444d7956424e7956444d7956434e57567a4c315a4a5353424d5a576470633278686448567959513d3d,https://app.parlamento.pt/webutils/docs/doc.txt?path=LFCU8rw%2fd%2fI8zEmITRclzrl3I%2frYvjY9cur8OK1aITHoWfKYSop9fP49WASOqu2yAbjTlA7ieoCVGV2WNGr9G2Trx9f5p%2b7iZT8%2faCKTaBlMxrD4X%2b6FNRX1JFY1qoFK9gkstq65h9BNRLnbS0sKHRU7BYO%2bBfl1Uzcy9dVzo7FgZjyo2bdFivDbFzhqKg8Y3gTrnO5VbtF1Tt3pmIDeEtW0R53lWkmoyMzGrBNCUOdZPTJuqODq0hrLmYb%2frB9LbryGDsrmVRff%2bqn8QlJTIZwx55tconuHOZLyqDjlfnLsOcitNp%2f7SVtY%2fK%2f3xH5BrUelk6F59cbVBETyt8AiKZiOEUCDqwUAURBaD%2fQMiH0%3d&fich=IntervencoesVII_json.txt&Inline=true
2023-11-27 15:51:23.221328,data/intervencoes/intervencoesviii.json,https://www.parlamento.pt/Cidadania/Paginas/DAIntervencoes.aspx?t=566b6c4a5353424d5a576470633278686448567959513d3d&Path=6148523063446f764c324679626d56304c3239775a57356b595852684c3052685a47397a51574a6c636e52766379394a626e526c636e5a6c626956444d7956424e7956444d7956434e57567a4c315a4a53556b675447566e61584e7359585231636d453d,https://app.parlamento.pt/webutils/docs/doc.txt?path=LUSDD2KCLs1CiDaBR5Q86ykbw2LRwq1A3rZr7alDOuGk%2fScbxolkvNPx9%2fjDI5bl%2fU0DxySDpv5%2bCwuBnz3jSy%2bnN6%2faPMmL6AmWwJib0xloxLXtHYxS8%2f%2f5GqMEF3MZ%2frK0PBszy1bdl0XpJCZ4DR3oC2I8Co19qxvDOD5%2byRK4A3lMxc272xSeYFzl20PzWhUXUG0qX%2fertjNMTfEGy6OJSFJhruz0EFztWFjpEX3DDKp2r2mskw2HnFtXZMeXURtvM2%2fEVFNn33idSoqVaTGiD%2bo3LqxWDHOhwdvyL4n4qqj8FQ1oCk8Q9NRn0fRXtZMOyFn8MlNBMYrkeIjSKf%2bc0U9Id7FWIANNHUKGAl%2fVcjwF%2fLl%2boLmaNevcnjlX&fich=IntervencoesVIII_json.txt&Inline=true
2023-11-27 15:51:23.953412,data/intervencoes/intervencoesix.json,https://www.parlamento.pt/Cidadania/Paginas/DAIntervencoes.aspx?t=535667675447566e61584e7359585231636d453d&Path=6148523063446f764c324679626d56304c3239775a57356b595852684c3052685a47397a51574a6c636e52766379394a626e526c636e5a6c626956444d7956424e7956444d7956434e57567a4c306c594945786c5a326c7a6247463064584a68,https://app.parlamento.pt/webutils/docs/doc.txt?path=476caMNPA6BfKuW1LUEQrb3w%2fo3YqexD%2flxJrFvJ%2b1enuXvjSRq847encG5k7PjjSB5H2ipTOMdjOdcfmsQ2wl%2f1aZnaL4nT0wMSxhUVUJW0pMZCSqKhSmMPDl%2fczxPslBZrUjkq9CoZO7pAZxQ8h4B4GWz5b3hyi%2fLqgwxK1inVAFUoUTGdoRYOn835gEE4g8GzvM3S7XDCtxTgMHVS%2fZjvGmgwZmTU2Ho12VSNaWgq1arTb0O%2bNdxUJ1QK3njEkVcM6I4bLe3E%2bPlNeBMlbQ7RXJDf0%2fQ5yEqho7i9rSwmZqsyUL9H%2bjbNMxffcC3o%2fNNOHbTFzyyaqLb0v%2bhKcojD8CAl2E%2b22%2fI5F6RG%2fVs%3d&fich=IntervencoesIX_json.txt&Inline=true
2023-11-27 15:51:24.433835,data/intervencoes/intervencoesx.json,https://www.parlamento.pt/Cidadania/Paginas/DAIntervencoes.aspx?t=5743424d5a576470633278686448567959513d3d&Path=6148523063446f764c324679626d56304c3239775a57356b595852684c3052685a47397a51574a6c636e52766379394a626e526c636e5a6c626956444d7956424e7956444d7956434e57567a4c3167675447566e61584e7359585231636d453d,https://app.parlamento.pt/webutils/docs/doc.txt?path=g7LV6Psarc42n1RA%2f6NCQbsDmEABDI3dp5bwLL8LPo7gqmg4mmYRC9o6uRIc9p29cjhX6tEgMMOJfW3Tv4vEEUUoVH5Spxx09sjkgTDoIkvqSfMqatU7YcKkQ%2fzpJ7CltzWAyW3AiqZ2E3RYioX%2bRw1VqCJ0n0e8E%2bOIvoYS3y42G2eukWnxb8yLxcXh%2bU0YNwcAZkvhce294uNRi1yjJuVXeQ%2f4RTMqi%2fqeD0X0Uctj%2butuWQHGlixxvSXyFrwb2GTC1a4r9P%2fcEuglt4EYW21wuRI%2b7EWhIZSNoORuWterm7RQW0DjAiffnGZZzowWOqxQT6ka%2bQFQUZfd47jclsfl%2bCCBo%2bNVxTZ8lUK3xsF1B3rY3XgcbitzwccEYllo&fich=IntervencoesX_json.txt&Inline=true
2023-11-27 15:51:25.168636,data/intervencoes/intervencoesxi.json,https://www.parlamento.pt/Cidadania/Paginas/DAIntervencoes.aspx?t=57456b675447566e61584e7359585231636d453d&Path=6148523063446f764c324679626d56304c3239775a57356b595852684c3052685a47397a51574a6c636e52766379394a626e526c636e5a6c626956444d7956424e7956444d7956434e57567a4c31684a4945786c5a326c7a6247463064584a68,https://app.parlamento.pt/webutils/docs/doc.txt?path=wyEPwfXPikMNM3ILfUduHHWaw%2b28c6N%2bkZebwRh3TxkEnCKNS76eLgI%2fGjk3W2xnSRq%2fok7Q3mZkBKeItUKUHFN3rhu3k8ObE3TqWST1V5hdeBW85KIVaeIJ4FIC4M0h8t%2fv3ljQhEvUTbbFya2uC1b9svCwaTBzA7wzbbhVECCh%2f4PmS%2foOrdc5nhZDxXBlL9Mx64WMt6hOupC3bWFRYYvegRGthTzMX870FR9s%2fw%2bJlMv9UddNpll2FyLZ8UKZSS4qWTCjN8fdJFyRiIDCGDPl8%2fBePMnN4Brpwk95bw3rSIQEfqzARLWOnNr7WSdkkC11WLZCz8AaVphVXUTan0TVSOhxvM9HLFWBLH9TeNSlHjpNatsCJxF6Qyv6aTtB&fich=IntervencoesXI_json.txt&Inline=true
2023-11-27 15:51:25.741969,data/intervencoes/intervencoesxii.json,https://www.parlamento.pt/Cidadania/Paginas/DAIntervencoes.aspx?t=57456c4a4945786c5a326c7a6247463064584a68&Path=6148523063446f764c324679626d56304c3239775a57356b595852684c3052685a47397a51574a6c636e52766379394a626e526c636e5a6c626956444d7956424e7956444d7956434e57567a4c31684a5353424d5a576470633278686448567959513d3d,https://app.parlamento.pt/webutils/docs/doc.txt?path=Ct5ar03V8D0dTG%2bHOIKnANLbWUvMCBBLho0RRN9Gyvl4HQAZha%2fkHTnu59yF8DAWd0Wzmjf1vMWY4SEZg4XTvs6pX8gEZZMvSGxzHC8tpRbkAUox5dQAXew2%2ftLvpoqmTbAPDvMf60WGoYwI1%2bsES5rgni3OGrxKXEt%2bVBOUdztu5Qd9Q%2bnWkiv8mJSXEnICxYWbaRYWEeTQiD5XkkwNhShVy5S8wnVkIzkJcMRa8rSLq1O69eKO36jQRycfO4a9n4hgMv15pPwxxgieXKGTNR0M0bhdmIoNaMSqOz%2bOPfzlQubkA3Yy7Pp7rPyjfS8D3zVHn%2fmyWcdWIa%2fjt5V2Ivq2iVw9WZZNvEuNCpiHQT4%3d&fich=IntervencoesXII_json.txt&Inline=true
2023-11-27 15:51:26.290480,data/intervencoes/intervencoesxiii.json,https://www.parlamento.pt/Cidadania/Paginas/DAIntervencoes.aspx?t=57456c4a5353424d5a576470633278686448567959513d3d&Path=6148523063446f764c324679626d56304c3239775a57356b595852684c3052685a47397a51574a6c636e52766379394a626e526c636e5a6c626956444d7956424e7956444d7956434e57567a4c31684a53556b675447566e61584e7359585231636d453d,https://app.parlamento.pt/webutils/docs/doc.txt?path=sZ5bG6xxE7HoPXsPtkrq66UBLtE8UrKPA5IzPy5ijv0S%2fbQD5fZs4v5JBtcuO3sh2tsolv4g9x9MqEDLMXJMlKiynxWoxhkBezIG62c9Eqk1VO8ZwgwNXSkbRrN5U2YF0Jh3yrG48M6Eevvkp9sfc%2b5tpjLX4ljip0SBu190e2RQoyV0Xe4cDuR1QuSKVVak%2fFN6tBM84iCdqkCepCKR%2fqTb4KU0QkpY1uPvv7QxKsAj%2fFLalz%2bIEFxYTFZ2zDincfAeKH6tcTsr6zLh%2bFKvPljtckR2aGjtBaFhZL%2bAWIzM0lsA2Agj2mWEYDMwplPsvZ2eb4K9Hx9Kui3H09la00kknRFM7uqgnYFh5n5l1sE%3d&fich=IntervencoesXIII_json.txt&Inline=true
2023-11-27 15:51:26.866109,data/intervencoes/intervencoesxiv.json,https://www.parlamento.pt/Cidadania/Paginas/DAIntervencoes.aspx?t=57456c574945786c5a326c7a6247463064584a68&Path=6148523063446f764c324679626d56304c3239775a57356b595852684c3052685a47397a51574a6c636e52766379394a626e526c636e5a6c626956444d7956424e7956444d7956434e57567a4c31684a5669424d5a576470633278686448567959513d3d,https://app.parlamento.pt/webutils/docs/doc.txt?path=c5zIV5ORuDIrthvfCJqWhccRcezQRc265U1g7r2MFShWRwOsykLhfA%2fbP7sr2%2bmmuqUEDX6GI0na1kBCwG1oWFOKoltZqWdAIBf8aadFMP81DZNHSQFTl6wkQmlcBwbfEwDIUAZr9nLseZyqu9WOjb9Z21QLAFqTWIrA3x24cJvUpiTbK233e3VZMG4jdF0Raom%2bcEgNfvx2ySb2%2fuFWEMN3uZzY54ipPfu50LVWGLMJO%2bH1%2fdnFT1rzsSZ7NzWJE%2frvOBTQL74%2ftwtTzuK0yMiBJgGzr2o3L8StYZrnGuPIblkt5aq20UAwNDv%2bTk21UmVCSgqDx65Qw31HGZpNWPiD6Da3FVGqb4v09OTdFkc%3d&fich=IntervencoesXIV_json.txt&Inline=true
2023-11-27 15:51:27.404821,data/intervencoes/intervencoesxv.json,https://www.parlamento.pt/Cidadania/Paginas/DAIntervencoes.aspx?t=574659675447566e61584e7359585231636d453d&Path=6148523063446f764c324679626d56304c3239775a57356b595852684c3052685a47397a51574a6c636e52766379394a626e526c636e5a6c626956444d7956424e7956444d7956434e57567a4c3168574945786c5a326c7a6247463064584a68,https://app.parlamento.pt/webutils/docs/doc.txt?path=qZin376INHm9ZfXEpLSEj%2fWnqi0BttWaE7JR4JqZ9bOfoGTfrlZzbOAmt%2fZ2sYUNWiDNyMgqbcbTCwy7kwN6f0O77oSHT7I0%2bX40osobng1piYYz%2bBQYn1aBp7lUl05PjxzTw5cMe2xhsfqqgG81xwgPM8UJodrqs6Lzb34nHNeOUi2Veq2sexv6FjY1yQQzEuzDJgTp6K%2fIKraKmUxN2UfUBeGa5L4%2fHBImXsqUeaQK6AZf%2fkl0Z8z4lZMjy4S6yIEfkoU2tycVQ0WmV%2b7eR4P3nHw%2f%2f3qmQXbIb2UZep5bjPNUrnJU0KfEyDxZJ5rd5p4bE4sDVSyPJvuZ5evdlIw%2fd3b5AS4BrlgREm9PcFE%3d&fich=IntervencoesXV_json.txt&Inline=true
2023-11-27 15:51:39.631085,data/diario_da_assembleia_da_republica/serie_separatas/xi_legislatura/sessao_02/numero_036.json,https://www.parlamento.pt/Cidadania/Paginas/DAdar.aspx?t=55384f70636d6c6c49464e6c6347467959585268637939595353424d5a5764706332786864485679595339545a584e7a77364e76494441794c303744756d316c636d38674d444d32&Path=6148523063484d364c793968636d356c64433976634756755a4746305953394559575276633046695a584a3062334d76524756695958526c633046534c7a4d6c517a496c5155456c4d6a42535a58416c517a4d6c516b466962476c6a5953394263334e6c62574a735a576c684a5449775a47456c4d6a42535a58416c517a4d6c516b466962476c6a5953395477366c79615755675532567759584a686447467a4c31684a4945786c5a326c7a6247463064584a684c314e6c633350446f3238674d44497654734f3662575679627941774d7a593d,https://app.parlamento.pt/webutils/docs/doc.txt?path=wKiNQGN9H48qh2ceyHpiXcSW6FhpatRheDDV%2bTH11tFbUEVe787PbhjwolOQOQ5ytBaxEpZdcJkOgBWutDumrWBhdd3n%2feOaDkbNRqvEbdK4EU6d1bf08cq2F8GSJKKDF51Od1wmUzLUvMCkdehPLJw4Qx1YchEVWW5wiydb5baRYtOYSxio1t9i5Q5EgXxOmfu%2f3jNA5w6ieAe%2byQPA3is0Mkanlxzyki9bOyabkteDkt74dxm57h7YGACDOdvbfYC0ASXBXFGmyGfOMWL4WY0VLEfWJdf52Yi2RDoK9p%2fozsWHLm1PwBTXMjGkqxAhS9u2gurdewOdas9PFPkfAgvKN7T8q4%2fV3tSlw9aMmy6ieznpSgxXo0RtYzVUiFH8R1qlU%2f1HJeWRSayhqOe1JcXtb3UD3%2bSk1XiuN4t9A%2fMrRTDKrhQzNQkQjb5K1m%2f3v0fUQgjzwJN%2f4gVvz%2bY4iejRlno7aoIVAn%2fcO5SWZtljwzoOeGS0%2f5tERvNxusIM47%2bwW%2fWFZPpGPRhIY9rgmw%3d%3d&fich=N%c3%bamero_036.json.txt&Inline=true
2023-11-27 15:51:40.309251,data/diario_da_assembleia_da_republica/serie_separatas/xii_legislatura/sessao_04/numero_079.json,https://www.parlamento.pt/Cidadania/Paginas/DAdar.aspx?t=55384f70636d6c6c49464e6c63474679595852686379395953556b675447566e61584e7359585231636d45765532567a63384f6a627941774e43394f773770745a584a76494441334f513d3d&Path=6148523063484d364c793968636d356c64433976634756755a4746305953394559575276633046695a584a3062334d76524756695958526c633046534c7a4d6c517a496c5155456c4d6a42535a58416c517a4d6c516b466962476c6a5953394263334e6c62574a735a576c684a5449775a47456c4d6a42535a58416c517a4d6c516b466962476c6a5953395477366c79615755675532567759584a686447467a4c31684a5353424d5a5764706332786864485679595339545a584e7a77364e76494441304c303744756d316c636d38674d446335,https://app.parlamento.pt/webutils/docs/doc.txt?path=CMGStaXB1%2fh6IID1qZ22SMAv8i0MJ44BKket76MBCcweFmP5sjvV3904FHyeKIXvXaTNm8WU3L%2fA0ej6MY6wGtbx9PbuRCATPC1ykX6rppixmoNj6U3WMDIht80KFH3ZsChXSTUdYMbD5L1dcdGDwiwnREu7%2bJacL64E9cbIS59%2bFfXwoUSxbq95jJLonr%2fV0kK%2fohiHgWTyyCM%2fE7zkhFHUhYYvFUcyuNjpx0HwWCDEQRl0zTyqUu7BeZW1RhVhQZGOKghx9HTGBjlBu1vHyJyfWKGbqhFNBwv6RRxjECzoCaAdPQDa3eiHMRP7KVsLCzMgLUj0v4hmp%2ffnVflgvSMFpMUBPF8KCw%2b5Hq689IGZ6eWFWS97zAwtJPVuG6T%2fYUUh4euwnMsaHLKw5CoWkbTdM56TGEX1QuJ7tJToJDywjVxFTbfFSzrc3fZsY8WRAJyBCcGslmVx98Dyg7xLNd482al%2bL0hWfVUzZLEeO3NnmjLF90C3QszDjbaqMQtYbPS9nGE8wx%2bxYDL5IMKlEw%3d%3d&fich=N%c3%bamero_079.json.txt&Inline=true
2023-11-27 15:51:40.813367,data/diario_da_assembleia_da_republica/serie_separatas/xiii_legislatura/sessao_04/numero_115.json,https://www.parlamento.pt/Cidadania/Paginas/DAdar.aspx?t=55384f70636d6c6c49464e6c63474679595852686379395953556c4a4945786c5a326c7a6247463064584a684c314e6c633350446f3238674d44517654734f3662575679627941784d54553d&Path=6148523063484d364c793968636d356c64433976634756755a4746305953394559575276633046695a584a3062334d76524756695958526c633046534c7a4d6c517a496c5155456c4d6a42535a58416c517a4d6c516b466962476c6a5953394263334e6c62574a735a576c684a5449775a47456c4d6a42535a58416c517a4d6c516b466962476c6a5953395477366c79615755675532567759584a686447467a4c31684a53556b675447566e61584e7359585231636d45765532567a63384f6a627941774e43394f773770745a584a76494445784e513d3d,https://app.parlamento.pt/webutils/docs/doc.txt?path=IyqkPQgENOfX1iQXKY5IEK0VLjoYKVLTTD0YKnhxwTX8tlvoPYb9jQ%2fna%2bqm0JXhrlWfIn9WSFt%2b4ilseFh251BW71JS%2fmfSD5fZqLokB50t63X6FIgbYtN1hM34j9FnEb1snDiz6tDTyLSHhtR%2ftmQylU6vrKqOOmsE%2fjR7LwqQOUemuNSFQjsNeF8BIKJ6doD2fWCUXfYLfvVXBegEi2cvmIGFc4WKx93od1zbDlyCvzx8q%2bZ%2bxKbJW3b33KBIqwKdXNc0LSshkPUJWPIJAYBjudcLi%2bLdOva%2bbEexSxKmTShPyiG79pC3V5p88YjYpUf5v30gvTu2FJXcckRJs7kdgjRpEghzoxW1LKH4luaoQ9%2fdonzD2Gf9vabAl%2bRn1%2f7MU0LKP4TMQ9WyRl%2b2Q7EKCChU6AepT65RfHz4n00VfKml0Cbqomds36aN73sEJmHvQIkr63WpxWSHelOpS5e12VZsYQX5O6obicYlJtTUqxRlSA%2foydRwo1XEu55V%2fspU%2fT4blnmWbTfHTuh7QA%3d%3d&fich=N%c3%bamero_115.json.txt&Inline=true
2023-11-27 15:51:41.486124,data/diario_da_assembleia_da_republica/serie_separatas/xiv_legislatura/sessao_03/numero_072.json,https://www.parlamento.pt/Cidadania/Paginas/DAdar.aspx?t=55384f70636d6c6c49464e6c634746795958526863793959535659675447566e61584e7359585231636d45765532567a63384f6a627941774d79394f773770745a584a76494441334d673d3d&Path=6148523063484d364c793968636d356c64433976634756755a4746305953394559575276633046695a584a3062334d76524756695958526c633046534c7a4d6c517a496c5155456c4d6a42535a58416c517a4d6c516b466962476c6a5953394263334e6c62574a735a576c684a5449775a47456c4d6a42535a58416c517a4d6c516b466962476c6a5953395477366c79615755675532567759584a686447467a4c31684a5669424d5a5764706332786864485679595339545a584e7a77364e764944417a4c303744756d316c636d38674d446379,https://app.parlamento.pt/webutils/docs/doc.txt?path=CR19XY%2bD%2fXM%2frA9ITrexMpKH05tqVahXGSLZ9dlqGqtGZXU124oGoeoXYHlUI9fqB7ZeGACQIpSluHC58y%2bfSkLG8lBGdT1G7LtwATSgqGKdtjFa%2fVC2I4cwWQh34LzA42eUQlx6XCAkbBm2K2K4VNMXC%2fS6%2fx6%2b433xp2QhN%2bCqcULT%2fncT%2bOqJeuwsRPsNuxEN6oGhCx4ah6H6tLiWN4QoP45r4wvtpdoVJCJTEQeWpGVkAeJjtJ1D240Q4cdAQfHtaLx09IlZg4urhxG7XSIkNhzArmZUmOJT%2b%2fx0EvxtH5D9vNdqxd7Qd%2fX5p6zeTUp3PdJwyPS87TxQdmvj204Iqsgpa%2fBiMWFZHPdfkGoGPlsw5VAQPJvgOdVheSJQd5DGpC%2bq%2bgKDCo7rOKY%2bBkpLZ2%2bFtjmEcKmuB5YfWCE%2bv2ybX5zBboMz0aAeRiJJ8Ia06YgEhbq%2fHyNquuwPO%2bvZxWbqMIG8%2bAVAN%2bERSXKbPr3%2f6thQUzrWM%2fUid8qCLqt%2fNq0Oxy0eGhlepKwgiKij4RoLi2lDum90ZEyyPjk%3d&fich=N%c3%bamero_072.json.txt&Inline=true
2023-11-27 15:51:41.967185,data/diario_da_assembleia_da_republica/serie_separatas/xv_legislatura/sessao_01/numero_070.json,https://www.parlamento.pt/Cidadania/Paginas/DAdar.aspx?t=55384f70636d6c6c49464e6c6347467959585268637939595669424d5a5764706332786864485679595339545a584e7a77364e76494441784c303744756d316c636d38674d446377&Path=6148523063484d364c793968636d356c64433976634756755a4746305953394559575276633046695a584a3062334d76524756695958526c633046534c7a4d6c517a496c5155456c4d6a42535a58416c517a4d6c516b466962476c6a5953394263334e6c62574a735a576c684a5449775a47456c4d6a42535a58416c517a4d6c516b466962476c6a5953395477366c79615755675532567759584a686447467a4c3168574945786c5a326c7a6247463064584a684c314e6c633350446f3238674d44457654734f3662575679627941774e7a413d,https://app.parlamento.pt/webutils/docs/doc.txt?path=IKtPt8wj0sZ8VcbqsS7b8I2p7VRddWjf3nRjpq%2froSFn5cHyT%2f2qW8c6Gf3VeBHxcr4dOP70pIU3WsVKrbFQc0TnD1sMOlXyYxGdQ2RuCVSmjbRkIQFEziSc2wPZs0MEKyjbLd7FSAvAPVEhEuZF6rjYMwH%2bAy5xJVTm2%2bG0PhDrOlq0sYO6muHhxYq9sfaAcQV6SoEIyZLRkvve9Kjkis%2flsS9qHVqQNUo5Uz77ftNDKpxTqsdjPA%2bhALUVz9PgK%2bf6jqPDWeMVnZxOtlyii2iP%2bOexZUDJY%2bd8gXeugPI%2fqfktdE3F3m1PDHizDv7CsmMKYbeGUHHDePkKX3eccSYoxyJ7v2otFP48NsW%2fWdesbNfU2Flm2Z2wFKeJuYq649GhkcS9uTKI8fNkxJ7fVGr45j24eVFsfykTZC0B8LRUvk5mBXOONAwYykmM0EMHIpZR5vzumHhjR%2fOYXCNY3JiCrB2iJo6Dui0%2fPyNAiv0%3d&fich=N%c3%bamero_070.json.txt&Inline=true
2023-11-27 15:51:42.884906,data/diario_da_assembleia_da_republica/serie_separatas/xiv_legislatura/sessao_02/numero_065.json,https://www.parlamento.pt/Cidadania/Paginas/DAdar.aspx?t=55384f70636d6c6c49464e6c634746795958526863793959535659675447566e61584e7359585231636d45765532567a63384f6a627941774d69394f773770745a584a76494441324e513d3d&Path=6148523063484d364c793968636d356c64433976634756755a4746305953394559575276633046695a584a3062334d76524756695958526c633046534c7a4d6c517a496c5155456c4d6a42535a58416c517a4d6c516b466962476c6a5953394263334e6c62574a735a576c684a5449775a47456c4d6a42535a58416c517a4d6c516b466962476c6a5953395477366c79615755675532567759584a686447467a4c31684a5669424d5a5764706332786864485679595339545a584e7a77364e76494441794c303744756d316c636d38674d445931,https://app.parlamento.pt/webutils/docs/doc.txt?path=f%2bmBCsUpBbrCWbbf2UxWw3sbXmnevX7dD9Enqzi7wGPXHwyAlAQ9qwXjHNiwYAekNv0FddwAyCJCCcwU%2bjCUqwkhEmuOOibDCrOoS6btmgbGqj5MINbZWVIWXJYUGgj9RSXdj0c2yzUz29p82Lm241HQ%2fbNXzdiJWI4x7hHNh5KvSLnlnyuMFA%2b4ACg1ddFL6R0H3l9wx%2bJgtPQBemZDniTurMylE2EcSLSojinZwbOHJWUTKs5QnOUdgllVp8mrqEw2i5l93fAOBFuTty8Hy4%2bBVCZX5veEFxbqZvHtmaxEenmMAeQ845hvD1riCDEYPciHnUyb4%2bZkhV2nWBmtTZuSt%2bo%2ffcVtLbH1QgzASmIPCfYuKzs2a9ZxeVToEWAzaSQGHjXmXFWBn3GCcNBO2PtOtBtOEGQhyvkXQ93WWQuJg%2f7Kkj3cdHB9JOusrICOACo7tP3UKn9KSn4zsIVLSOOhNdDdBlFyPfYXr4tXkYhgPMo%2fISJAYAm22YEzMXS6k76ebckrbKA8pQw0nuA8WA%3d%3d&fich=N%c3%bamero_065.json.txt&Inline=true
2023-11-27 15:51:43.695555,data/diario_da_assembleia_da_republica/serie_separatas/xiv_legislatura/sessao_01/numero_031.json,https://www.parlamento.pt/Cidadania/Paginas/DAdar.aspx?t=55384f70636d6c6c49464e6c634746795958526863793959535659675447566e61584e7359585231636d45765532567a63384f6a627941774d53394f773770745a584a764944417a4d513d3d&Path=6148523063484d364c793968636d356c64433976634756755a4746305953394559575276633046695a584a3062334d76524756695958526c633046534c7a4d6c517a496c5155456c4d6a42535a58416c517a4d6c516b466962476c6a5953394263334e6c62574a735a576c684a5449775a47456c4d6a42535a58416c517a4d6c516b466962476c6a5953395477366c79615755675532567759584a686447467a4c31684a5669424d5a5764706332786864485679595339545a584e7a77364e76494441784c303744756d316c636d38674d444d78,https://app.parlamento.pt/webutils/docs/doc.txt?path=UeJUKkdyzOi%2fXifdnSFEATaxqr7VaacnVECy5Lfo7ZK98zBbLJyNBlvFMXLJme1x0IKmoa1NPqEnpoGFYNwad4UgPPGpyX0EcdAPw0SxckpqF8p%2fbSSaT5dmOyWnAlESV9BU1oF6e4Eko%2fOrvSanYV5%2f0mfdyrCAzaLcXE14NibFh0OmnFa6LnS%2fnHUt82j12jDTQ9HkOdenIaxk1HCgEeoiBAbQRJVm3J5ztuk9328eeGGqrHMO9G%2fxiorQtNYCyHNc5VUwfh4z6Cidtac3bMMEjDXb1QXP3EAak%2blA9megUI%2b3qaopD19Y8rrLFWNyB5rUOih9fCnQmkyp9GGOm2s7m744RqDT%2fcTs20nQNUKK7LrdUx4lGpDFZ%2fmSDjXHF8bsnGY0xgotuvnS1WLn9pCJZFFNKA%2fefkG4h1wAaIqXlgSJeG22emZiP%2btSFvCqYrKOVZR9FckCytKPhmtcLo1MuupPFx%2b%2b3sW%2fQlG7jljPrgcxIiFSzvLXTb0PBDtr%2brafbZQyE39YJdwZ5Typxg%3d%3d&fich=N%c3%bamero_031.json.txt&Inline=true
2023-11-27 15:51:44.097875,data/diario_da_assembleia_da_republica/serie_separatas/xiii_legislatura/sessao_03/numero_098.json,https://www.parlamento.pt/Cidadania/Paginas/DAdar.aspx?t=55384f70636d6c6c49464e6c63474679595852686379395953556c4a4945786c5a326c7a6247463064584a684c314e6c633350446f3238674d444d7654734f3662575679627941774f54673d&Path=6148523063484d364c793968636d356c64433976634756755a4746305953394559575276633046695a584a3062334d76524756695958526c633046534c7a4d6c517a496c5155456c4d6a42535a58416c517a4d6c516b466962476c6a5953394263334e6c62574a735a576c684a5449775a47456c4d6a42535a58416c517a4d6c516b466962476c6a5953395477366c79615755675532567759584a686447467a4c31684a53556b675447566e61584e7359585231636d45765532567a63384f6a627941774d79394f773770745a584a76494441354f413d3d,https://app.parlamento.pt/webutils/docs/doc.txt?path=qu%2bTXtsr4DkTYXhrxbk2Fb5F1j82WI5rsa%2bc%2bJi97%2f9SGVECaA4oWRaN7b%2f%2f2zv%2fvUxhij%2f6%2b8Zu1YynzAZlZnGusXMBiNK5O7jEb34CKTLa1cJxHv%2bPLpH38mGc1INbbOZ7YauBh1%2bLTvIJvnwuZg02%2batvu01xzNQkLFHyo9E2nUzKVjBmRvb%2bLByWqaepveaMPOeG8%2bT4pCo8uEf6G91mb8s1yrHgU80umU2EHXGI6ReIhsvXrEygMAOarmqY98NXrrWm5G6%2bLMEmuVtSKCHAC%2f0sppsWZGV16T%2f3DXHtuabP3YSpgpStTzUJsgxgN1Nuyn0%2fVsxJdhjFHc7ohbt78WAwex3OkntqK5n1oCpJSfFXCVXIAAeq9RvxmhkI71C7sIpCa2AmU5WTb1dP3Mt6lyqRmuxgxCd9skvKLMIbnHGWaL39OHfe2VNqUU7yd8IP4bN41tUEOzNZIaOgo8dyxZwQpQJsOG1RAMJTEL5fPownF%2bOn0QGO7%2b9zesjbqMQCm5Hg9X3cyMAclw%2bnePbS%2ftmr8b1EHJO2HgQVOaE%3d&fich=N%c3%bamero_098.json.txt&Inline=true
2023-11-27 15:51:44.722053,data/diario_da_assembleia_da_republica/serie_separatas/xiii_legislatura/sessao_02/numero_069.json,https://www.parlamento.pt/Cidadania/Paginas/DAdar.aspx?t=55384f70636d6c6c49464e6c63474679595852686379395953556c4a4945786c5a326c7a6247463064584a684c314e6c633350446f3238674d44497654734f3662575679627941774e6a6b3d&Path=6148523063484d364c793968636d356c64433976634756755a4746305953394559575276633046695a584a3062334d76524756695958526c633046534c7a4d6c517a496c5155456c4d6a42535a58416c517a4d6c516b466962476c6a5953394263334e6c62574a735a576c684a5449775a47456c4d6a42535a58416c517a4d6c516b466962476c6a5953395477366c79615755675532567759584a686447467a4c31684a53556b675447566e61584e7359585231636d45765532567a63384f6a627941774d69394f773770745a584a76494441324f513d3d,https://app.parlamento.pt/webutils/docs/doc.txt?path=kyo%2f8JTE%2fEOXljK0%2fUKlKRiGPPDu45gahthco1TqU3kzVPuLKrIy4Q1ybw9WO5lS1R6nC8oYGIwBU4YVebrkBMyr4WL9B2ke0XYpLExI%2feYsLBsczquP4Rpkv8FRG%2bMRYqy0nRvb8jmabx10HJVL5Qtf1YgqXdmjVBurdZr%2b2O9S8iK40IIrezs80rdgx6Bwz%2f41Vd9BwywqYxXr8iGh7uEBafkwXEIUc4w34k%2f9pepmFXMoOybP9DfupKqb4%2bIUzdcbl2MbeQR9tWQjm0p3E48bbH1g3p8bDA36Jb%2bGI3FihFBmATV8wpdGK5ljPdNobMD3riQ11AhUEVAZCfHJdUjTB4NlZfbXEjJsgEMkq6g9%2frf5G1R1B%2bd7ZEs6nBR94VuuqAMSaa55VyYrioBEPdD%2fr7t83Uk6S5LLDEEubICR0EN25zQU43ZFKuAQy5wL9lpqGxARxrqiipQZiaQAEKfBKODwd2DTk1Tp0mAyD%2fT6PoWmvLd5pYenPD0xB80kZzLSa75am4WlWVxRRU7fwQ%3d%3d&fich=N%c3%bamero_069.json.txt&Inline=true
2023-11-27 15:51:45.331684,data/diario_da_assembleia_da_republica/serie_separatas/xiii_legislatura/sessao_01/numero_031.json,https://www.parlamento.pt/Cidadania/Paginas/DAdar.aspx?t=55384f70636d6c6c49464e6c63474679595852686379395953556c4a4945786c5a326c7a6247463064584a684c314e6c633350446f3238674d44457654734f3662575679627941774d7a453d&Path=6148523063484d364c793968636d356c64433976634756755a4746305953394559575276633046695a584a3062334d76524756695958526c633046534c7a4d6c517a496c5155456c4d6a42535a58416c517a4d6c516b466962476c6a5953394263334e6c62574a735a576c684a5449775a47456c4d6a42535a58416c517a4d6c516b466962476c6a5953395477366c79615755675532567759584a686447467a4c31684a53556b675447566e61584e7359585231636d45765532567a63384f6a627941774d53394f773770745a584a764944417a4d513d3d,https://app.parlamento.pt/webutils/docs/doc.txt?path=QqhBjuunKzWYDRprmmPHzMRBwWW%2bs8hbQ94Q7Btdhy%2bibgb3M0NTOJoIvfRd6wqVYXy9CS4tDnn1HJnlq8AXueiI6x%2bhcrPtIcYyOCwA9vnqFhj1LlJ5hDRjhilwJHxG%2b%2b3JZCOT4Ked4VccTovcEmbWKRvlpHSEy2%2bFkmgJ5TF%2bcI00qm3Lk0Aq7A8FhrDcmJVGejSyNdRvFUrztjrx02VWxC5QuObsXxy1BCCwYfGQYsLf%2blSuepboh2n6e5PXpaa3U6Fk4PyGpdtFqnPXuh4XmHIH5tOneZasQqXHYYjO3EGxc1tDzNFiAvR9VeIYa3BOnR%2bE9d8x1Ueb0ts5iHV0cV7uIkKsDoXBYD7YivDBcR3AFG4DIEk383%2fQG7AaQ8igHnLxK5D6LkjPnex%2fmyGVi28lp9oCmVVLUyOCditSmOMXE0TZ2k4UOLaDtJ704zb43gwPw3x80usy3sksnDNJLgAdBs3UHETPAg%2b7Rnx4aKhnCYcsz4toTtIobl7gUofPKHSWx9griEhV%2fjDHQB4bHCwQ7W9Bf8Iqo6gKVCE%3d&fich=N%c3%bamero_031.json.txt&Inline=true
2023-11-27 15:51:46.132303,data/diario_da_assembleia_da_republica/serie_separatas/xii_legislatura/sessao_03/numero_063.json,https://www.parlamento.pt/Cidadania/Paginas/DAdar.aspx?t=55384f70636d6c6c49464e6c63474679595852686379395953556b675447566e61584e7359585231636d45765532567a63384f6a627941774d79394f773770745a584a76494441324d773d3d&Path=6148523063484d364c793968636d356c64433976634756755a4746305953394559575276633046695a584a3062334d76524756695958526c633046534c7a4d6c517a496c5155456c4d6a42535a58416c517a4d6c516b466962476c6a5953394263334e6c62574a735a576c684a5449775a47456c4d6a42535a58416c517a4d6c516b466962476c6a5953395477366c79615755675532567759584a686447467a4c31684a5353424d5a5764706332786864485679595339545a584e7a77364e764944417a4c303744756d316c636d38674d44597a,https://app.parlamento.pt/webutils/docs/doc.txt?path=0oshPsa%2bt3StbMQhVvrk2H6ANs1tOYhvt4GMoWou4weggPY5Tb5%2biW0FBk8pG8s%2fx884eW%2frtMmtFjKPkJl%2fBx1yByCJ0krd%2bE7HoFpq2RxvBzU5%2fzYQBmhLnGddblgcyGDvPWW5H%2bd2cchqDCe3znVkyJwlEIyfmZ6zFLen59mOadXkf%2f8YGWm37PlTW7kLjLD1vzPHiWADFmq%2bXp5SXq%2fnqNhTJmKoxu6VVo%2buVXknOg7KhU%2bsUHrAXzF59JEn0jh7PMYjEinb4XMRzBdjMzfP7Zh9szBxCQcQv9KIfkYICepBsSiUnZkL8I7aYJwkxA0HEcMGxsBhRqFKgNMeTf2bFh2iDocWO2%2fqeHzOLVMK5LNJVPE%2fpm0LbcLsBHq8jo6FXwAxhRmTvwqb37kcixHnFElmj3VcCktQbwWL0uFiy3IzeLzCFnxDzXFTbnHME5hMN5Xl4PdtXk2ZrePRhVV%2fyE5YPhyoj%2bHpybB7aeZ9dy5ua8Vc5goJnzo%2f99VSYFSpBxD0R%2fNv6qNE33XjeRs2t%2f74NLqtPCL%2f0QB%2b5cM%3d&fich=N%c3%bamero_063.json.txt&Inline=true
2023-11-27 15:51:46.661852,data/diario_da_assembleia_da_republica/serie_separatas/xii_legislatura/sessao_02/numero_043.json,https://www.parlamento.pt/Cidadania/Paginas/DAdar.aspx?t=55384f70636d6c6c49464e6c63474679595852686379395953556b675447566e61584e7359585231636d45765532567a63384f6a627941774d69394f773770745a584a76494441304d773d3d&Path=6148523063484d364c793968636d356c64433976634756755a4746305953394559575276633046695a584a3062334d76524756695958526c633046534c7a4d6c517a496c5155456c4d6a42535a58416c517a4d6c516b466962476c6a5953394263334e6c62574a735a576c684a5449775a47456c4d6a42535a58416c517a4d6c516b466962476c6a5953395477366c79615755675532567759584a686447467a4c31684a5353424d5a5764706332786864485679595339545a584e7a77364e76494441794c303744756d316c636d38674d44517a,https://app.parlamento.pt/webutils/docs/doc.txt?path=zZHpTlPbzI8lP283RIimRV33BTK4yxvxaaC4Fxg12ZsHL8dzg%2fb6NhZBCzr3k6P3zD8ioG4M7aVKIzRL0a71Uy0Y5E%2b6IGLV1DDFIyh%2fO2qVRjy%2fkYR6XrUJkhAWB4DFm5vIgYN%2b4mQDD20ECZfi50MdrOJXjoPMg%2bg2wlqBww3xDkZ5vbEpqxsK7HL38FKQIiKEFs6r4pTJyP%2bJhJdjLYT1tWbO%2bjI8e1TQqLSMa0bCDhh2CYQX8ATuAG2PRRaAk1uLvFN3A0tZ39NIM%2bILvffmx7iTxFalt%2bnVymNhVFiLN81gaE9DAMP3c%2byzl3tb37ZO53YL7TrK%2fLmdv7enjCix%2bsfUOUA1AjBcBR%2bo88LsaF7B8K38yn2P6oWUZkZTT0EOBBnGDEspd6U8qI2XUYrYP2jDK8vibYLw2XkoILBfxd0Wp%2bSSXjHURIDUeBxxm6bKxUiR51h2bS4ySrMy3jbl6S9syBbzrthVWRu1SXQxZatbv502huUJUham68NpTJbgqQiz%2beahapD0ePgi5lR6U8IVXA%2fHEikjnG0SoH0%3d&fich=N%c3%bamero_043.json.txt&Inline=true
2023-11-27 15:51:47.474676,data/diario_da_assembleia_da_republica/serie_separatas/xii_legislatura/sessao_01/numero_019.json,https://www.parlamento.pt/Cidadania/Paginas/DAdar.aspx?t=55384f70636d6c6c49464e6c63474679595852686379395953556b675447566e61584e7359585231636d45765532567a63384f6a627941774d53394f773770745a584a76494441784f513d3d&Path=6148523063484d364c793968636d356c64433976634756755a4746305953394559575276633046695a584a3062334d76524756695958526c633046534c7a4d6c517a496c5155456c4d6a42535a58416c517a4d6c516b466962476c6a5953394263334e6c62574a735a576c684a5449775a47456c4d6a42535a58416c517a4d6c516b466962476c6a5953395477366c79615755675532567759584a686447467a4c31684a5353424d5a5764706332786864485679595339545a584e7a77364e76494441784c303744756d316c636d38674d444535,https://app.parlamento.pt/webutils/docs/doc.txt?path=KnN8hDwBv%2bjt35LWRZ8JQ6nD3LNTmC6csgyr1eb%2f3GFx3IF0UIHFAsoegpTtKXwoT4Wqj1PJNEVNx%2f%2bpYUuyupiJ0Ic8Rlt4dYCiBPTxRwSoTYXZZVtH%2baXY6%2bpXnyKI2eFmk2e%2fzlf8gV2C9W3JmYz5Gn6j4cAOTW8g26DxE8MGb5dwpZPa4TAfbeI5E%2fv253IKtBw%2f5GyYz3EOIaDN%2fBGHLAxRiS55GlDq1DE%2fbhwRtmfvBk0MhQ3mi4ZbiZgaXtYtl2H%2bGVZYSFx%2bbAjIwo7SfFAXPx36CVRu4jFJPhJGam54GtE6qihmXnrltp0yjbkRQb6JjZ9%2fTdYAHwPawWn0j9%2b%2fp36tfNeQVgXKSQLclMzrHBD0wAWBUKCf32sFDDFUK7PKb4US0cfwdGv30Jgsmf46UigPBk2qmjCIyHIknhrMRMbiV76OqeeJhkHO7JzHjuKv78VFKvNN2CgKbHTUjri1bDpVJDeQamNa9grUFiHA14iYgLDY72qWC1lp3uq0leICoWGTd%2bkI9OUG%2bBtGHpEXsb4LzdVeH%2bzed6A%3d&fich=N%c3%bamero_019.json.txt&Inline=true